{
  "num_images": 200,
  "psnr": 11.024995789527892,
  "ssim": 0.7064824613928795,
  "lpips": 0.338054029494524,
  "psnr_foreground": 11.024995525604082,
  "avg_fps": 0.13018302614342975,
  "gpu_peak_gib": 1.3266654014587402,
  "background": "white"
}