{
  "num_frames": 200,
  "total_render_time_s": 1536.2985937940102,
  "avg_fps": 0.13018302614342975,
  "per_view_time_s": {
    "renders/00000": 7.4270705439994344,
    "renders/00001": 7.375983252000879,
    "renders/00002": 7.058963820003555,
    "renders/00003": 6.995205769999302,
    "renders/00004": 7.170376031994238,
    "renders/00005": 7.388362490004511,
    "renders/00006": 7.233489413003554,
    "renders/00007": 8.190421674997197,
    "renders/00008": 8.295765819995722,
    "renders/00009": 8.39192985000409,
    "renders/00010": 7.692488055996364,
    "renders/00011": 7.252746218000539,
    "renders/00012": 7.268879292998463,
    "renders/00013": 7.355083907001244,
    "renders/00014": 7.213321011004155,
    "renders/00015": 7.189614488001098,
    "renders/00016": 7.293696783002815,
    "renders/00017": 7.342742032997194,
    "renders/00018": 7.26198793999356,
    "renders/00019": 7.251365190997603,
    "renders/00020": 7.353437654004665,
    "renders/00021": 8.005521674000192,
    "renders/00022": 8.380809331996716,
    "renders/00023": 8.335977811999328,
    "renders/00024": 8.01528423900163,
    "renders/00025": 7.751210554000863,
    "renders/00026": 7.6560380769951735,
    "renders/00027": 7.628256158997829,
    "renders/00028": 8.404600868998386,
    "renders/00029": 8.286257472005673,
    "renders/00030": 8.0812188839991,
    "renders/00031": 8.313628708994656,
    "renders/00032": 8.628870938999171,
    "renders/00033": 8.123643922001065,
    "renders/00034": 8.18728713800374,
    "renders/00035": 8.053067527995154,
    "renders/00036": 8.054893263004487,
    "renders/00037": 7.87408906899509,
    "renders/00038": 7.213009671999316,
    "renders/00039": 7.323101497000607,
    "renders/00040": 7.5646565449933405,
    "renders/00041": 7.502827729003911,
    "renders/00042": 7.291953751999245,
    "renders/00043": 7.255716815001506,
    "renders/00044": 7.207057082996471,
    "renders/00045": 7.168138141998497,
    "renders/00046": 7.191833830001997,
    "renders/00047": 7.295412106002914,
    "renders/00048": 7.8993603519993485,
    "renders/00049": 8.36567819800257,
    "renders/00050": 8.259452024001803,
    "renders/00051": 7.85910764199798,
    "renders/00052": 7.273578237000038,
    "renders/00053": 7.460280072999012,
    "renders/00054": 7.22428891799791,
    "renders/00055": 7.313251250998292,
    "renders/00056": 7.28810394500033,
    "renders/00057": 7.3602672800043365,
    "renders/00058": 7.162974550999934,
    "renders/00059": 7.219457808998413,
    "renders/00060": 7.3510033630009275,
    "renders/00061": 7.47385947300063,
    "renders/00062": 7.882750821001537,
    "renders/00063": 8.001987283001654,
    "renders/00064": 8.444504430000961,
    "renders/00065": 8.33799576399906,
    "renders/00066": 7.514502227000776,
    "renders/00067": 7.72515349600144,
    "renders/00068": 7.75062517200422,
    "renders/00069": 8.396370465998189,
    "renders/00070": 7.75920607700391,
    "renders/00071": 8.406269357998099,
    "renders/00072": 8.651790651005285,
    "renders/00073": 8.529967884998769,
    "renders/00074": 8.074238629997126,
    "renders/00075": 7.996436344001268,
    "renders/00076": 8.471432326005015,
    "renders/00077": 8.29527911599871,
    "renders/00078": 8.203033518002485,
    "renders/00079": 7.091258787004335,
    "renders/00080": 7.472791870000947,
    "renders/00081": 7.3059193110020715,
    "renders/00082": 7.023443142003089,
    "renders/00083": 6.984523728002387,
    "renders/00084": 7.318822727000224,
    "renders/00085": 7.340738724997209,
    "renders/00086": 7.0093022209985065,
    "renders/00087": 7.007759846004774,
    "renders/00088": 7.223011982998287,
    "renders/00089": 7.553274217003491,
    "renders/00090": 8.012577596004121,
    "renders/00091": 8.439249866001774,
    "renders/00092": 8.379563068003336,
    "renders/00093": 7.702220101004059,
    "renders/00094": 7.1825217500008876,
    "renders/00095": 7.110205837998365,
    "renders/00096": 7.304998712999804,
    "renders/00097": 7.391392719997384,
    "renders/00098": 7.020754158998898,
    "renders/00099": 6.968454220004787,
    "renders/00100": 7.240438164997613,
    "renders/00101": 7.470816310997179,
    "renders/00102": 7.062874220995582,
    "renders/00103": 7.215409732001717,
    "renders/00104": 8.072892727002909,
    "renders/00105": 8.582400008999684,
    "renders/00106": 8.065891562997422,
    "renders/00107": 7.9702617329967325,
    "renders/00108": 7.505262358004984,
    "renders/00109": 7.805572449004103,
    "renders/00110": 7.446266042003117,
    "renders/00111": 7.681456631005858,
    "renders/00112": 7.651097233996552,
    "renders/00113": 7.784903608000604,
    "renders/00114": 7.131169435997435,
    "renders/00115": 7.00605673300015,
    "renders/00116": 7.047322364996944,
    "renders/00117": 7.402575521002291,
    "renders/00118": 7.01397318400268,
    "renders/00119": 7.823374724001042,
    "renders/00120": 7.787783988002047,
    "renders/00121": 7.823612434003735,
    "renders/00122": 7.083519077998062,
    "renders/00123": 7.040894710997236,
    "renders/00124": 7.279030095996859,
    "renders/00125": 7.298561946998234,
    "renders/00126": 6.928206238000712,
    "renders/00127": 6.973222145003092,
    "renders/00128": 6.960597851000784,
    "renders/00129": 8.91236037699855,
    "renders/00130": 9.182262489004643,
    "renders/00131": 9.392190159000165,
    "renders/00132": 8.685120352995,
    "renders/00133": 8.528377355003613,
    "renders/00134": 8.070652541995514,
    "renders/00135": 7.877909529001045,
    "renders/00136": 7.669749109001714,
    "renders/00137": 7.689787628005433,
    "renders/00138": 7.474505865997344,
    "renders/00139": 7.193069315995672,
    "renders/00140": 7.181783837004332,
    "renders/00141": 7.389419323000766,
    "renders/00142": 7.356289265000669,
    "renders/00143": 7.321590278996155,
    "renders/00144": 7.330726677995699,
    "renders/00145": 7.747707955000806,
    "renders/00146": 8.134896650000883,
    "renders/00147": 8.34921023199422,
    "renders/00148": 8.52614004699717,
    "renders/00149": 8.111256415999378,
    "renders/00150": 7.552438856000663,
    "renders/00151": 7.661110077999183,
    "renders/00152": 8.025489917999948,
    "renders/00153": 7.84375591299613,
    "renders/00154": 7.732445269000891,
    "renders/00155": 8.057034573001147,
    "renders/00156": 7.971971712002414,
    "renders/00157": 7.654744920000667,
    "renders/00158": 7.725294372998178,
    "renders/00159": 8.146256783002173,
    "renders/00160": 8.380388486999436,
    "renders/00161": 8.072418663999997,
    "renders/00162": 8.147773295997467,
    "renders/00163": 7.431524282997998,
    "renders/00164": 7.377075267999317,
    "renders/00165": 7.3450661649985705,
    "renders/00166": 7.27724161700462,
    "renders/00167": 7.291657517002022,
    "renders/00168": 7.364038370003982,
    "renders/00169": 7.327045243997418,
    "renders/00170": 7.32593339500454,
    "renders/00171": 7.416523578998749,
    "renders/00172": 7.354517758998554,
    "renders/00173": 7.4186209440013045,
    "renders/00174": 8.297281744999054,
    "renders/00175": 8.274653966000187,
    "renders/00176": 8.346908593994158,
    "renders/00177": 7.742795499994827,
    "renders/00178": 7.308388798999658,
    "renders/00179": 7.362596688006306,
    "renders/00180": 7.59811571300088,
    "renders/00181": 7.209254729998065,
    "renders/00182": 7.297267424997699,
    "renders/00183": 7.418246952998743,
    "renders/00184": 7.355715557001531,
    "renders/00185": 7.304164439003216,
    "renders/00186": 7.346557582997775,
    "renders/00187": 7.49539568900218,
    "renders/00188": 8.257021564000752,
    "renders/00189": 8.200924682998448,
    "renders/00190": 8.392505086005258,
    "renders/00191": 8.026654023000447,
    "renders/00192": 7.82266030399478,
    "renders/00193": 7.812806415000523,
    "renders/00194": 7.780777877997025,
    "renders/00195": 7.9913705849976395,
    "renders/00196": 8.104453890999139,