{
  "num_frames": 200,
  "total_render_time_s": 1547.586690069962,
  "avg_fps": 0.12923347123834372,
  "per_view_time_s": {
    "renders/00000": 8.288763008007663,
    "renders/00001": 7.973610571993049,
    "renders/00002": 7.768551126006059,
    "renders/00003": 7.252894749006373,
    "renders/00004": 7.388147142002708,
    "renders/00005": 7.596160146000329,
    "renders/00006": 7.461386622002465,
    "renders/00007": 7.335218787993654,
    "renders/00008": 7.3713142900087405,
    "renders/00009": 7.577610886990442,
    "renders/00010": 7.645260863006115,
    "renders/00011": 7.4936563369992655,
    "renders/00012": 7.325765731991851,
    "renders/00013": 7.828168382999138,
    "renders/00014": 8.406144145003054,
    "renders/00015": 8.148966442997335,
    "renders/00016": 7.579139110996039,
    "renders/00017": 7.437781711996649,
    "renders/00018": 7.721755640988704,
    "renders/00019": 7.444888047990389,
    "renders/00020": 7.299505112008774,
    "renders/00021": 7.245347414005664,
    "renders/00022": 7.6063779889955185,
    "renders/00023": 7.78823251198628,
    "renders/00024": 7.326149624001118,
    "renders/00025": 7.257434250990627,
    "renders/00026": 7.662661714988644,
    "renders/00027": 8.397358402988175,
    "renders/00028": 7.953131789006875,
    "renders/00029": 8.112289476004662,
    "renders/00030": 8.202841549005825,
    "renders/00031": 8.185850441004732,
    "renders/00032": 7.694877034009551,
    "renders/00033": 7.997491343994625,
    "renders/00034": 8.086954696002067,
    "renders/00035": 7.85787547500513,
    "renders/00036": 7.728046487012762,
    "renders/00037": 7.799419046001276,
    "renders/00038": 8.045680474999244,
    "renders/00039": 7.706415389999165,
    "renders/00040": 7.803163372009294,
    "renders/00041": 7.9102276699995855,
    "renders/00042": 8.163355905999197,
    "renders/00043": 7.795635567003046,
    "renders/00044": 7.214461306008161,
    "renders/00045": 7.374692312994739,
    "renders/00046": 7.81066489200748,
    "renders/00047": 7.555924974003574,
    "renders/00048": 7.4936065600049915,
    "renders/00049": 7.445387960993685,
    "renders/00050": 7.5869065479928395,
    "renders/00051": 7.546403319007368,
    "renders/00052": 7.573492050010827,
    "renders/00053": 7.490158722008346,
    "renders/00054": 7.745681852000416,
    "renders/00055": 8.1779016090004,
    "renders/00056": 8.276505021000048,
    "renders/00057": 7.927454450997175,
    "renders/00058": 7.626386054995237,
    "renders/00059": 7.595132536007441,
    "renders/00060": 7.575665687996661,
    "renders/00061": 7.583859711987316,
    "renders/00062": 7.518770619004499,
    "renders/00063": 7.573081894995994,
    "renders/00064": 7.691315442003543,
    "renders/00065": 7.594773164004437,
    "renders/00066": 7.457870748999994,
    "renders/00067": 7.5681420210021315,
    "renders/00068": 7.743246927988366,
    "renders/00069": 8.302697187988088,
    "renders/00070": 8.168430300996988,
    "renders/00071": 8.349316218009335,
    "renders/00072": 8.030296276992885,
    "renders/00073": 7.737497678012005,
    "renders/00074": 7.859656244007056,
    "renders/00075": 7.9376002619974315,
    "renders/00076": 7.894735448004212,
    "renders/00077": 8.008670910989167,
    "renders/00078": 7.989082244006568,
    "renders/00079": 7.925433088996215,
    "renders/00080": 7.891856488000485,
    "renders/00081": 7.975872674011043,
    "renders/00082": 8.025886656003422,
    "renders/00083": 7.907002153995563,
    "renders/00084": 7.959176385993487,
    "renders/00085": 7.895547720996547,
    "renders/00086": 7.450380283000413,
    "renders/00087": 7.487852089005173,
    "renders/00088": 7.4252971399982926,
    "renders/00089": 7.362442249999731,
    "renders/00090": 7.395389061988681,
    "renders/00091": 7.455147204003879,
    "renders/00092": 7.5150706470012665,
    "renders/00093": 7.560586420004256,
    "renders/00094": 7.493793857996934,
    "renders/00095": 7.543979476991808,
    "renders/00096": 7.902483133002534,
    "renders/00097": 8.489468778003356,
    "renders/00098": 8.149154005994205,
    "renders/00099": 8.136979716000496,
    "renders/00100": 7.480233134003356,
    "renders/00101": 7.223917836003238,
    "renders/00102": 7.3150395630073035,
    "renders/00103": 7.559984852996422,
    "renders/00104": 7.492327269996167,
    "renders/00105": 7.5008123430015985,
    "renders/00106": 7.7278122730058385,
    "renders/00107": 7.619796948987641,
    "renders/00108": 7.574381426995387,
    "renders/00109": 7.63337345700711,
    "renders/00110": 8.112113258990576,
    "renders/00111": 8.491495220005163,
    "renders/00112": 8.411549854004988,
    "renders/00113": 8.289446966999094,
    "renders/00114": 7.935584839011426,
    "renders/00115": 7.762555014996906,
    "renders/00116": 7.893376079999143,
    "renders/00117": 7.836198973993305,
    "renders/00118": 7.904241893993458,
    "renders/00119": 7.915475344998413,
    "renders/00120": 7.808590076994733,
    "renders/00121": 7.87558765700669,
    "renders/00122": 7.856424886005698,
    "renders/00123": 7.490913404995808,
    "renders/00124": 7.835825187998125,
    "renders/00125": 7.797284155996749,
    "renders/00126": 7.900093008007389,
    "renders/00127": 7.492973908010754,
    "renders/00128": 7.41032964499027,
    "renders/00129": 7.402880929003004,
    "renders/00130": 7.541478457002086,
    "renders/00131": 7.439674808993004,
    "renders/00132": 7.4207693619973725,
    "renders/00133": 7.396423229991342,
    "renders/00134": 7.689626211998984,
    "renders/00135": 7.489314992999425,
    "renders/00136": 7.404475244999048,
    "renders/00137": 7.446773579009459,
    "renders/00138": 7.880707399002858,
    "renders/00139": 8.294647119997535,
    "renders/00140": 8.154578911009594,
    "renders/00141": 7.699526078009512,
    "renders/00142": 7.641666534997057,
    "renders/00143": 7.430338288002531,
    "renders/00144": 7.439804064997588,
    "renders/00145": 7.555807183001889,
    "renders/00146": 7.6673916630097665,
    "renders/00147": 7.646661069011316,
    "renders/00148": 7.462627274988336,
    "renders/00149": 7.542717773991171,
    "renders/00150": 7.63488202598819,
    "renders/00151": 7.554833996997331,
    "renders/00152": 8.19358214699605,
    "renders/00153": 8.411737782007549,
    "renders/00154": 8.592482466003275,
    "renders/00155": 8.014562338008545,
    "renders/00156": 7.731973050002125,
    "renders/00157": 7.892733958011377,
    "renders/00158": 8.273454492009478,
    "renders/00159": 7.9832313880033325,
    "renders/00160": 7.650164466991555,
    "renders/00161": 8.04371056400123,
    "renders/00162": 7.743544529992505,
    "renders/00163": 7.223787057999289,
    "renders/00164": 7.243079250998562,
    "renders/00165": 7.646765069992398,
    "renders/00166": 8.35459478199482,
    "renders/00167": 7.658968119008932,
    "renders/00168": 7.6176279640058056,
    "renders/00169": 7.555408147003618,
    "renders/00170": 7.862892530989484,
    "renders/00171": 7.232908938996843,
    "renders/00172": 7.240183677000459,
    "renders/00173": 7.30878717500309,
    "renders/00174": 7.725677284994163,
    "renders/00175": 7.685280713005341,
    "renders/00176": 7.554645930009428,
    "renders/00177": 7.562546567001846,
    "renders/00178": 7.547466777992668,
    "renders/00179": 7.795322217993089,
    "renders/00180": 7.927607923993492,
    "renders/00181": 8.077206924004713,
    "renders/00182": 8.333958533999976,
    "renders/00183": 7.396181145988521,
    "renders/00184": 7.223812503987574,
    "renders/00185": 7.491794970992487,
    "renders/00186": 7.747574713008362,
    "renders/00187": 7.565896576998057,
    "renders/00188": 7.294813839995186,
    "renders/00189": 7.593284985006903,
    "renders/00190": 7.633149210989359,
    "renders/00191": 7.3949710429878905,
    "renders/00192": 7.3181497209880035,
    "renders/00193": 8.036656027994468,
    "renders/00194": 8.840160849009408,
    "renders/00195": 8.292878719003056,