{
  "num_images": 200,
  "psnr": 10.105810127258302,
  "ssim": 0.7102592837810516,
  "lpips": 0.32284054964780806,
  "psnr_foreground": 10.10580997271384,
  "avg_fps": 0.13193598013036062,
  "gpu_peak_gib": 1.3266654014587402,
  "background": "white"
}