{
  "num_frames": 200,
  "total_render_time_s": 1515.8867187130309,
  "avg_fps": 0.13193598013036062,
  "per_view_time_s": {
    "renders/00000": 8.227052734000608,
    "renders/00001": 7.872081606001302,
    "renders/00002": 7.617797306003922,
    "renders/00003": 7.248602966996259,
    "renders/00004": 7.271016769002017,
    "renders/00005": 7.140005649998784,
    "renders/00006": 7.224701768995146,
    "renders/00007": 7.216458324000996,
    "renders/00008": 7.2984981989939115,
    "renders/00009": 7.092896758003917,
    "renders/00010": 7.112268295997637,
    "renders/00011": 7.134512238997559,
    "renders/00012": 7.115429864999896,
    "renders/00013": 7.646315776997653,
    "renders/00014": 8.360971430003701,
    "renders/00015": 8.499594818000332,
    "renders/00016": 8.38822089599853,
    "renders/00017": 7.464595432000351,
    "renders/00018": 7.50752276500134,
    "renders/00019": 7.641870391998964,
    "renders/00020": 7.706903901002079,
    "renders/00021": 7.470044533998589,
    "renders/00022": 7.671479204000207,
    "renders/00023": 7.725432835999527,
    "renders/00024": 7.610616897,
    "renders/00025": 7.584194743998523,
    "renders/00026": 7.539997772000788,
    "renders/00027": 7.818674889000249,
    "renders/00028": 7.8081773160010925,
    "renders/00029": 7.712958551004704,
    "renders/00030": 7.678653192997444,
    "renders/00031": 7.321179594000569,
    "renders/00032": 7.1812693100000615,
    "renders/00033": 7.323355201995582,
    "renders/00034": 7.221037134993821,
    "renders/00035": 7.18165396200493,
    "renders/00036": 7.402820899995277,
    "renders/00037": 7.237683661005576,
    "renders/00038": 7.014313473002403,
    "renders/00039": 7.2688020749992575,
    "renders/00040": 7.277873177998117,
    "renders/00041": 7.921251862993813,
    "renders/00042": 8.259515955993265,
    "renders/00043": 8.992946651000238,
    "renders/00044": 8.062441632995615,
    "renders/00045": 6.980854214001738,
    "renders/00046": 6.893309992003196,
    "renders/00047": 7.1124781769976835,
    "renders/00048": 7.329486565999105,
    "renders/00049": 7.090577511000447,
    "renders/00050": 6.9049746110031265,
    "renders/00051": 7.050904971998534,
    "renders/00052": 7.20574137600488,
    "renders/00053": 7.280821380998532,
    "renders/00054": 6.980712768003286,
    "renders/00055": 7.554034231005062,
    "renders/00056": 8.669743402999302,
    "renders/00057": 8.465158544997394,
    "renders/00058": 7.92673868300335,
    "renders/00059": 7.4286827920004725,
    "renders/00060": 7.73593455000082,
    "renders/00061": 7.7027511870037415,
    "renders/00062": 7.428277614999388,
    "renders/00063": 7.414340743998764,
    "renders/00064": 7.678662832004193,
    "renders/00065": 7.884552814997733,
    "renders/00066": 7.651698017005401,
    "renders/00067": 7.506624536996242,
    "renders/00068": 7.476453137001954,
    "renders/00069": 7.613001135003287,
    "renders/00070": 7.407505794995814,
    "renders/00071": 7.325515689997701,
    "renders/00072": 7.89260311700491,
    "renders/00073": 7.186391449999064,
    "renders/00074": 6.926812178004184,
    "renders/00075": 6.811635247002414,
    "renders/00076": 7.1423841009964235,
    "renders/00077": 7.283767861001252,
    "renders/00078": 7.138789302000077,
    "renders/00079": 6.933382100003655,
    "renders/00080": 7.20359644000564,
    "renders/00081": 7.249019793001935,
    "renders/00082": 7.081518389000848,
    "renders/00083": 6.99521738999465,
    "renders/00084": 7.9027711160015315,
    "renders/00085": 8.57948214100179,
    "renders/00086": 8.19255074999819,
    "renders/00087": 7.19088138799998,
    "renders/00088": 7.046679717997904,
    "renders/00089": 7.253886140999384,
    "renders/00090": 7.10194578699884,
    "renders/00091": 6.919935459998669,
    "renders/00092": 7.116327386997,
    "renders/00093": 7.2827140190056525,
    "renders/00094": 7.479370959001244,
    "renders/00095": 6.840270872002293,
    "renders/00096": 6.883156224001141,
    "renders/00097": 7.16816253199795,
    "renders/00098": 8.104632049995416,
    "renders/00099": 8.050629496996407,
    "renders/00100": 7.846490528994764,
    "renders/00101": 7.841878913000983,
    "renders/00102": 7.753871051005262,
    "renders/00103": 7.20377249300509,
    "renders/00104": 7.320477515000675,
    "renders/00105": 7.550875428001746,
    "renders/00106": 7.8746515340026235,
    "renders/00107": 7.348512575998029,
    "renders/00108": 7.233331798997824,
    "renders/00109": 7.201598517996899,
    "renders/00110": 7.6013810579970595,
    "renders/00111": 6.838226284002303,
    "renders/00112": 7.618935237995174,
    "renders/00113": 8.338125993002905,
    "renders/00114": 8.758572516999266,
    "renders/00115": 7.365027227002429,
    "renders/00116": 6.891783523002232,
    "renders/00117": 7.027333354999428,
    "renders/00118": 7.71585760400194,
    "renders/00119": 7.241239728995424,
    "renders/00120": 8.26567741100007,
    "renders/00121": 8.521037958998932,
    "renders/00122": 7.758804909004539,
    "renders/00123": 7.036462203002884,
    "renders/00124": 6.954864273997373,
    "renders/00125": 7.315861073999258,
    "renders/00126": 8.026502371998504,
    "renders/00127": 8.851057415995456,
    "renders/00128": 8.309374050004408,
    "renders/00129": 8.335912474998622,
    "renders/00130": 7.1737241099981475,
    "renders/00131": 7.257731738995062,
    "renders/00132": 7.105677783001738,
    "renders/00133": 7.332704772998113,
    "renders/00134": 7.267251277000469,
    "renders/00135": 7.1286849710013485,
    "renders/00136": 6.974709736998193,
    "renders/00137": 7.109173548000399,
    "renders/00138": 7.512390520998451,
    "renders/00139": 7.357605397999578,
    "renders/00140": 7.188046181996469,
    "renders/00141": 8.116577855995274,
    "renders/00142": 8.68812634400092,
    "renders/00143": 8.437388783000642,
    "renders/00144": 7.782975066998915,
    "renders/00145": 7.541316048998851,
    "renders/00146": 8.039521639999293,
    "renders/00147": 7.687411819999397,
    "renders/00148": 7.7438795439957175,
    "renders/00149": 7.862810632999754,
    "renders/00150": 7.940510280997842,
    "renders/00151": 7.714899699996749,
    "renders/00152": 7.790501595001842,
    "renders/00153": 8.125046676002967,
    "renders/00154": 8.186698933997832,
    "renders/00155": 8.278744144001394,
    "renders/00156": 8.34856486300123,
    "renders/00157": 8.393094659993949,
    "renders/00158": 7.4070416940012365,
    "renders/00159": 7.292442420999578,
    "renders/00160": 7.582161698999698,
    "renders/00161": 7.486612733002403,
    "renders/00162": 7.342960154004686,
    "renders/00163": 7.2463973659978365,
    "renders/00164": 7.370898944005603,
    "renders/00165": 7.310936594003579,
    "renders/00166": 7.36883676200523,
    "renders/00167": 7.125548615003936,
    "renders/00168": 7.4640584669978125,
    "renders/00169": 8.768043707998004,
    "renders/00170": 8.927585732999432,
    "renders/00171": 8.272171229000378,
    "renders/00172": 7.152890901998035,
    "renders/00173": 7.380556312004046,
    "renders/00174": 7.30601615300111,
    "renders/00175": 7.096824852000282,
    "renders/00176": 6.974955009005498,
    "renders/00177": 7.28582113799348,
    "renders/00178": 7.598006299005647,
    "renders/00179": 7.052928377997887,
    "renders/00180": 7.08019579500251,
    "renders/00181": 7.160577364003984,
    "renders/00182": 7.374193602998275,
    "renders/00183": 8.17694081999798,
    "renders/00184": 8.275409150002815,
    "renders/00185": 8.442359810003836,
    "renders/00186": 7.981239935004851,
    "renders/00187": 7.6787712080040365,
    "renders/00188": 7.902032832003897,
    "renders/00189": 7.877183944001445,
    "renders/00190": 7.690746759006288,
    "renders/00191": 7.58672437700443,
    "renders/00192": 7.829924060999474,
    "renders/00193": 7.750545147995581,
    "renders/00194": 7.700727409006504,
    "renders/00195": 7.779750959998637,
    "renders/00196": 8.157217143998423,