{
  "num_images": 1,
  "psnr": 18.311389923095703,
  "ssim": 0.7615058422088623,
  "lpips": 0.42101505398750305,
  "psnr_foreground": 18.31139044681016
}