{
  "num_images": 1,
  "psnr": 7.889101505279541,
  "ssim": 0.6545507907867432,
  "lpips": 0.368607759475708,
  "psnr_foreground": 7.889100774771444,
  "avg_fps": 0.33276449693936383,
  "gpu_peak_gib": 1.264883041381836,
  "background": "white"
}