{
  "num_images": 200,
  "psnr": 10.362669825553894,
  "ssim": 0.7096678423881531,
  "lpips": 0.32692617490887643,
  "psnr_foreground": 10.362669582618901,
  "avg_fps": 0.13301880929239673,
  "gpu_peak_gib": 1.3266654014587402,
  "background": "white"
}