{
  "num_frames": 200,
  "total_render_time_s": 1503.5467620249692,
  "avg_fps": 0.13301880929239673,
  "per_view_time_s": {
    "renders/00000": 7.489504338998813,
    "renders/00001": 7.864466892002383,
    "renders/00002": 8.246510564000346,
    "renders/00003": 8.107696279002994,
    "renders/00004": 7.450227904999338,
    "renders/00005": 7.396481700001459,
    "renders/00006": 7.406232823996106,
    "renders/00007": 7.358398952004791,
    "renders/00008": 7.225706953002373,
    "renders/00009": 7.174176837004779,
    "renders/00010": 7.185986389005848,
    "renders/00011": 7.205976673998521,
    "renders/00012": 7.269407189000049,
    "renders/00013": 7.260260584000207,
    "renders/00014": 7.138145501005056,
    "renders/00015": 8.077527688001283,
    "renders/00016": 8.638329713998246,
    "renders/00017": 8.353075249004178,
    "renders/00018": 7.595770908999839,
    "renders/00019": 7.209484381004586,
    "renders/00020": 7.205858360001002,
    "renders/00021": 7.30902017900371,
    "renders/00022": 6.869150409998838,
    "renders/00023": 6.944446722001885,
    "renders/00024": 7.295135827997001,
    "renders/00025": 7.323891817999538,
    "renders/00026": 6.854528148003737,
    "renders/00027": 6.861195940997277,
    "renders/00028": 7.1511702130010235,
    "renders/00029": 8.042547066004772,
    "renders/00030": 8.269517356995493,
    "renders/00031": 7.930474326996773,
    "renders/00032": 8.110990138004126,
    "renders/00033": 7.990726766998705,
    "renders/00034": 7.369012292001571,
    "renders/00035": 7.322900470004242,
    "renders/00036": 7.7506921169988345,
    "renders/00037": 8.04165570600162,
    "renders/00038": 7.322702786994341,
    "renders/00039": 7.36385077900195,
    "renders/00040": 7.695790459998534,
    "renders/00041": 7.920366211998044,
    "renders/00042": 7.585628799002734,
    "renders/00043": 8.311471155000618,
    "renders/00044": 8.33141434299614,
    "renders/00045": 8.566508215000795,
    "renders/00046": 7.27864862599381,
    "renders/00047": 6.989230357001361,
    "renders/00048": 7.2969156129984185,
    "renders/00049": 7.450621151001542,
    "renders/00050": 6.966879365005298,
    "renders/00051": 6.877428282001347,
    "renders/00052": 7.324143550998997,
    "renders/00053": 7.630683337003575,
    "renders/00054": 6.9829199419982615,
    "renders/00055": 6.9872779599973,
    "renders/00056": 7.212848737995955,
    "renders/00057": 8.732059308000316,
    "renders/00058": 8.347289088000252,
    "renders/00059": 8.08013989200117,
    "renders/00060": 7.404127317997336,
    "renders/00061": 7.476622073998442,
    "renders/00062": 6.888497549996828,
    "renders/00063": 6.938075156998821,
    "renders/00064": 6.971019669996167,
    "renders/00065": 7.577782355998352,
    "renders/00066": 7.232985934999306,
    "renders/00067": 7.618049226002768,
    "renders/00068": 8.306703781003307,
    "renders/00069": 8.865509221999673,
    "renders/00070": 8.380218042999331,
    "renders/00071": 8.422890098998323,
    "renders/00072": 8.403906335995998,
    "renders/00073": 8.32688316200074,
    "renders/00074": 7.418569686997216,
    "renders/00075": 7.2849953879995155,
    "renders/00076": 7.315245151999989,
    "renders/00077": 7.539612530999875,
    "renders/00078": 7.213400745000399,
    "renders/00079": 7.250801611000497,
    "renders/00080": 7.4216939819962136,
    "renders/00081": 7.7497298719972605,
    "renders/00082": 7.8352051969995955,
    "renders/00083": 7.536703048004711,
    "renders/00084": 7.6127522839960875,
    "renders/00085": 7.55637263799872,
    "renders/00086": 7.7382449860015186,
    "renders/00087": 7.538620014995104,
    "renders/00088": 7.343192225001985,
    "renders/00089": 7.166812014002062,
    "renders/00090": 7.141579877999902,
    "renders/00091": 7.2810268019966315,
    "renders/00092": 7.2547706219993415,
    "renders/00093": 7.176473250998242,
    "renders/00094": 7.217505027998413,
    "renders/00095": 7.220302869995066,
    "renders/00096": 7.133821916999295,
    "renders/00097": 7.110173360000772,
    "renders/00098": 7.118551384002785,
    "renders/00099": 8.061557221997646,
    "renders/00100": 8.156891958002234,
    "renders/00101": 8.134007112996187,
    "renders/00102": 7.990145679003035,
    "renders/00103": 7.1234113949976745,
    "renders/00104": 7.319878852002148,
    "renders/00105": 7.224607860996912,
    "renders/00106": 7.357291838998208,
    "renders/00107": 7.1821500129954075,
    "renders/00108": 7.124792228998558,
    "renders/00109": 7.190522289994988,
    "renders/00110": 7.1280845280052745,
    "renders/00111": 7.067669493000722,
    "renders/00112": 7.044102361003752,
    "renders/00113": 7.5542481079974095,
    "renders/00114": 8.168104668999149,
    "renders/00115": 8.10378993100312,
    "renders/00116": 8.166333565000969,
    "renders/00117": 7.505365252996853,
    "renders/00118": 7.491357291997701,
    "renders/00119": 7.563650832002168,
    "renders/00120": 7.643243177997647,
    "renders/00121": 7.724807511003746,
    "renders/00122": 7.723250374001509,
    "renders/00123": 7.456851970993739,
    "renders/00124": 7.576540594003745,
    "renders/00125": 7.571090244004154,
    "renders/00126": 7.64816140900075,
    "renders/00127": 7.49913931699848,
    "renders/00128": 7.397821443002613,
    "renders/00129": 7.909754560001602,
    "renders/00130": 8.028861398001027,
    "renders/00131": 7.423423271997308,
    "renders/00132": 7.102716386994871,
    "renders/00133": 7.179788221998024,
    "renders/00134": 7.157153411004401,
    "renders/00135": 7.063945138994313,
    "renders/00136": 7.148133085000154,
    "renders/00137": 7.288400576006097,
    "renders/00138": 7.170665731995541,
    "renders/00139": 7.1317069939977955,
    "renders/00140": 7.09409170300205,
    "renders/00141": 7.302397582003323,
    "renders/00142": 8.054461202998937,
    "renders/00143": 8.529525330995966,
    "renders/00144": 8.546201434997784,
    "renders/00145": 7.767363109000144,
    "renders/00146": 7.369396836998931,
    "renders/00147": 7.112709955996252,
    "renders/00148": 7.155013647003216,
    "renders/00149": 7.169908855998074,
    "renders/00150": 7.284684423997533,
    "renders/00151": 7.122215575996961,
    "renders/00152": 7.160694247999345,
    "renders/00153": 7.234939422000025,
    "renders/00154": 7.161626482993597,
    "renders/00155": 7.244881447004445,
    "renders/00156": 8.198604295997939,
    "renders/00157": 8.65550341099879,
    "renders/00158": 8.24597435999749,
    "renders/00159": 7.850488904005033,
    "renders/00160": 7.457130794995464,
    "renders/00161": 7.686073794997355,
    "renders/00162": 7.550583750002261,
    "renders/00163": 7.601364390000526,
    "renders/00164": 7.57108697899821,
    "renders/00165": 7.638214780999988,
    "renders/00166": 7.632950075996632,
    "renders/00167": 7.6225592929986306,
    "renders/00168": 7.33575546600332,
    "renders/00169": 7.70430981899699,
    "renders/00170": 7.88010866199329,
    "renders/00171": 7.698497290999512,
    "renders/00172": 7.517518125001516,
    "renders/00173": 7.280119711002044,
    "renders/00174": 7.2441773150058,
    "renders/00175": 7.2809837909953785,
    "renders/00176": 7.037387588003185,
    "renders/00177": 6.9033899159985594,
    "renders/00178": 7.1926974349989905,
    "renders/00179": 7.411741253003129,
    "renders/00180": 7.162853256006201,
    "renders/00181": 6.880051715997979,
    "renders/00182": 7.040922289001173,
    "renders/00183": 7.178251707002346,
    "renders/00184": 7.959635644998343,
    "renders/00185": 8.176299480001035,
    "renders/00186": 8.402038647000154,
    "renders/00187": 8.28282691899949,
    "renders/00188": 7.1367775019971305,
    "renders/00189": 6.98488182300207,
    "renders/00190": 7.044452739006374,
    "renders/00191": 7.448378066001169,
    "renders/00192": 7.275949267001124,
    "renders/00193": 6.985804411000572,
    "renders/00194": 7.231710298998223,
    "renders/00195": 7.126761176994478,