{
  "num_frames": 200,
  "total_render_time_s": 1574.272039190968,
  "avg_fps": 0.1270428458494262,
  "per_view_time_s": {
    "renders/00000": 7.727295443008188,
    "renders/00001": 7.287774579002871,
    "renders/00002": 7.65066115699301,
    "renders/00003": 8.471265008003684,
    "renders/00004": 8.03594371098734,
    "renders/00005": 7.6371678190043895,
    "renders/00006": 7.6393802980019245,
    "renders/00007": 7.774711343998206,
    "renders/00008": 7.503752520002308,
    "renders/00009": 7.465862847995595,
    "renders/00010": 7.594161193002947,
    "renders/00011": 7.876475247001508,
    "renders/00012": 7.647041541989893,
    "renders/00013": 7.502658281009644,
    "renders/00014": 7.693528158997651,
    "renders/00015": 7.9259701750124805,
    "renders/00016": 7.847137211007066,
    "renders/00017": 8.12847519000934,
    "renders/00018": 8.317150973991374,
    "renders/00019": 8.382882769001299,
    "renders/00020": 7.7277511169959325,
    "renders/00021": 7.677291431988124,
    "renders/00022": 7.651535981000052,
    "renders/00023": 7.606917436991353,
    "renders/00024": 7.595547910997993,
    "renders/00025": 7.529097770006047,
    "renders/00026": 7.8754879420012,
    "renders/00027": 7.880519341997569,
    "renders/00028": 7.815255544002866,
    "renders/00029": 7.471960781011148,
    "renders/00030": 8.511697952999384,
    "renders/00031": 8.501109453005483,
    "renders/00032": 8.427810647001024,
    "renders/00033": 8.30006039699947,
    "renders/00034": 8.121547229005955,
    "renders/00035": 8.032125216996064,
    "renders/00036": 7.768084615992848,
    "renders/00037": 8.183205364999594,
    "renders/00038": 8.322508847995778,
    "renders/00039": 8.063488598010736,
    "renders/00040": 8.206992123989039,
    "renders/00041": 8.047304002000601,
    "renders/00042": 8.246652856993023,
    "renders/00043": 7.798387313989224,
    "renders/00044": 7.92268617299851,
    "renders/00045": 8.172045466999407,
    "renders/00046": 7.985652499992284,
    "renders/00047": 7.4577438379928935,
    "renders/00048": 7.5932080460042926,
    "renders/00049": 7.644050342001719,
    "renders/00050": 7.639908700992237,
    "renders/00051": 7.481582406006055,
    "renders/00052": 7.556616807996761,
    "renders/00053": 7.753969472003519,
    "renders/00054": 7.769642441999167,
    "renders/00055": 7.716967055996065,
    "renders/00056": 7.66951827199955,
    "renders/00057": 7.925377527993987,
    "renders/00058": 8.355482770988601,
    "renders/00059": 8.289270702007343,
    "renders/00060": 8.006381436003721,
    "renders/00061": 7.710786469004233,
    "renders/00062": 7.735312164993957,
    "renders/00063": 7.542274041989003,
    "renders/00064": 7.670439784997143,
    "renders/00065": 7.6412165770016145,
    "renders/00066": 7.52842367500125,
    "renders/00067": 7.573055758999544,
    "renders/00068": 7.671847196004819,
    "renders/00069": 7.627063347012154,
    "renders/00070": 7.589240490007796,
    "renders/00071": 8.327311411005212,
    "renders/00072": 8.401187512994511,
    "renders/00073": 8.730301125004189,
    "renders/00074": 8.000759643997299,
    "renders/00075": 7.790049297007499,
    "renders/00076": 8.043703416988137,
    "renders/00077": 8.025458939999226,
    "renders/00078": 7.891667561008944,
    "renders/00079": 7.8387536619993625,
    "renders/00080": 8.050996504010982,
    "renders/00081": 8.041311382999993,
    "renders/00082": 7.604810528006055,
    "renders/00083": 7.524007892992813,
    "renders/00084": 7.526353305991506,
    "renders/00085": 8.194783180995728,
    "renders/00086": 8.249923554991256,
    "renders/00087": 8.419839064008556,
    "renders/00088": 7.688232093001716,
    "renders/00089": 7.653664969999227,
    "renders/00090": 7.519588434006437,
    "renders/00091": 7.572480124013964,
    "renders/00092": 7.575148042989895,
    "renders/00093": 7.640462363007828,
    "renders/00094": 7.587979877993348,
    "renders/00095": 7.726254675013479,
    "renders/00096": 7.77673986699665,
    "renders/00097": 7.75707199399767,
    "renders/00098": 7.895184198991046,
    "renders/00099": 8.074159429001156,
    "renders/00100": 8.17573311200249,
    "renders/00101": 8.365804644010495,
    "renders/00102": 7.833290598995518,
    "renders/00103": 7.433174766993034,
    "renders/00104": 7.441450925995014,
    "renders/00105": 7.792396489006933,
    "renders/00106": 7.83173928099859,
    "renders/00107": 7.408714189004968,
    "renders/00108": 7.524578672993812,
    "renders/00109": 7.864106521010399,
    "renders/00110": 7.822478793998016,
    "renders/00111": 7.344100815986167,
    "renders/00112": 7.68493570399005,
    "renders/00113": 8.447910411996418,
    "renders/00114": 8.243100227002287,
    "renders/00115": 8.128542763995938,
    "renders/00116": 7.956617710995488,
    "renders/00117": 8.202785738001694,
    "renders/00118": 7.931437925988575,
    "renders/00119": 7.782410339001217,
    "renders/00120": 7.904326763004065,
    "renders/00121": 8.92555837398686,
    "renders/00122": 7.97506536799483,
    "renders/00123": 7.987446444996749,
    "renders/00124": 8.053157403002842,
    "renders/00125": 8.202711625999655,
    "renders/00126": 7.881871915989905,
    "renders/00127": 7.833480036002584,
    "renders/00128": 7.979444530996261,
    "renders/00129": 8.193413125001825,
    "renders/00130": 7.3747171300055925,
    "renders/00131": 7.370297808010946,
    "renders/00132": 7.5664739630010445,
    "renders/00133": 7.81921445899934,
    "renders/00134": 7.300781006997568,
    "renders/00135": 7.388941788987722,
    "renders/00136": 7.602028944005724,
    "renders/00137": 7.926932465998107,
    "renders/00138": 7.518330416001845,
    "renders/00139": 7.476733649004018,
    "renders/00140": 8.031009209007607,
    "renders/00141": 8.270743411005242,
    "renders/00142": 8.023533224011771,
    "renders/00143": 7.813567489007255,
    "renders/00144": 7.445968725995044,
    "renders/00145": 7.758184103993699,
    "renders/00146": 7.330627789997379,
    "renders/00147": 7.347754622009234,
    "renders/00148": 7.441417794005247,
    "renders/00149": 7.756824037001934,
    "renders/00150": 7.333163321003667,
    "renders/00151": 7.332299293004326,
    "renders/00152": 7.3850071750057396,
    "renders/00153": 7.660537712014047,
    "renders/00154": 8.115972168001463,
    "renders/00155": 7.951381367005524,
    "renders/00156": 8.425046531992848,
    "renders/00157": 8.39621424699726,
    "renders/00158": 7.899491962001775,
    "renders/00159": 7.849130315997172,
    "renders/00160": 8.054539271994145,
    "renders/00161": 8.798169638001127,
    "renders/00162": 8.380915764006204,
    "renders/00163": 8.203392255993094,
    "renders/00164": 8.773664685009862,
    "renders/00165": 8.732102905996726,
    "renders/00166": 9.54788124001061,
    "renders/00167": 8.734293582994724,
    "renders/00168": 8.564377028000308,
    "renders/00169": 8.29443364799954,
    "renders/00170": 8.021541454989347,
    "renders/00171": 8.618903226000839,
    "renders/00172": 8.242686129000504,
    "renders/00173": 7.561684763990343,
    "renders/00174": 7.27108382199367,
    "renders/00175": 7.256877883992274,
    "renders/00176": 7.51149853199604,
    "renders/00177": 7.406345723007689,
    "renders/00178": 7.2751394100050675,
    "renders/00179": 7.697105979998014,
    "renders/00180": 7.671786125007202,
    "renders/00181": 8.25517904300068,
    "renders/00182": 8.311027201998513,
    "renders/00183": 8.300368316995446,
    "renders/00184": 8.048686802998418,
    "renders/00185": 7.332428907000576,
    "renders/00186": 7.309682225008146,
    "renders/00187": 7.612638528007665,
    "renders/00188": 7.469388653000351,
    "renders/00189": 7.216951385998982,
    "renders/00190": 7.279311272999621,
    "renders/00191": 7.76616630499484,
    "renders/00192": 7.614694720992702,
    "renders/00193": 7.460087366998778,
    "renders/00194": 7.55923969799187,
    "renders/00195": 8.4327818830061,
    "renders/00196": 8.19556058300077,